{
    "metrics": {
        "http_req_waiting": {
            "p(99)": 2.563019999999998,
            "avg": 1.156263793587512,
            "min": 0.2139,
            "med": 1.5091,
            "max": 282.8572,
            "p(90)": 1.5605,
            "p(95)": 1.65166
        },
        "register_failed": {
            "passes": 0,
            "fails": 17809,
            "thresholds": {
                "rate<0.01": false
            },
            "value": 0
        },
        "register_duration": {
            "avg": 1.6213461620528937,
            "min": 0.5018,
            "med": 1.546,
            "max": 283.6492,
            "p(90)": 1.95792,
            "p(95)": 2.2027599999999996,
            "p(99)": 2.896079999999984
        },
        "data_received": {
            "count": 2104844,
            "rate": 70158.37127932583
        },
        "http_req_connecting": {
            "avg": 0.008636161491380762,
            "min": 0,
            "med": 0,
            "max": 2.0877,
            "p(90)": 0,
            "p(95)": 0,
            "p(99)": 0.46266799999912184
        },
        "http_req_duration": {
            "p(99)": 2.896079999999984,
            "avg": 1.6213461620528937,
            "min": 0.5018,
            "med": 1.546,
            "max": 283.6492,
            "p(90)": 1.95792,
            "p(95)": 2.2027599999999996
        },
        "iteration_duration": {
            "p(95)": 2.4097999999999993,
            "p(99)": 3.204943999999981,
            "avg": 1.6835284350609216,
            "min": 0.5018,
            "med": 1.5786,
            "max": 299.385,
            "p(90)": 2.0571200000000003
        },
        "http_req_failed": {
            "passes": 0,
            "fails": 17809,
            "thresholds": {
                "rate<0.01": false
            },
            "value": 0
        },
        "http_req_blocked": {
            "max": 14.3283,
            "p(90)": 0,
            "p(95)": 0,
            "p(99)": 0.5053839999999996,
            "avg": 0.010566095794261323,
            "min": 0,
            "med": 0
        },
        "data_sent": {
            "count": 3586601,
            "rate": 119548.0922048386
        },
        "vus": {
            "value": 1,
            "min": 1,
            "max": 1
        },
        "vus_max": {
            "max": 1,
            "value": 1,
            "min": 1
        },
        "http_req_duration{status:200}": {
            "p(90)": 1.95792,
            "p(95)": 2.2027599999999996,
            "p(99)": 2.896079999999984,
            "avg": 1.6213461620528937,
            "min": 0.5018,
            "med": 1.546,
            "max": 283.6492,
            "thresholds": {
                "p(95)<300": false,
                "p(99)<800": false
            }
        },
        "checks": {
            "passes": 35618,
            "fails": 0,
            "value": 1
        },
        "http_req_tls_handshaking": {
            "avg": 0,
            "min": 0,
            "med": 0,
            "max": 0,
            "p(90)": 0,
            "p(95)": 0,
            "p(99)": 0
        },
        "http_req_receiving": {
            "max": 1.6471,
            "p(90)": 0.9956,
            "p(95)": 1.0095,
            "p(99)": 1.0612759999999994,
            "avg": 0.4611833791902967,
            "min": 0,
            "med": 0.2973
        },
        "http_reqs": {
            "count": 17809,
            "rate": 593.6071433861672
        },
        "http_req_duration{expected_response:true}": {
            "avg": 1.6213461620528937,
            "min": 0.5018,
            "med": 1.546,
            "max": 283.6492,
            "p(90)": 1.95792,
            "p(95)": 2.2027599999999996,
            "p(99)": 2.896079999999984
        },
        "http_req_sending": {
            "max": 1.5377,
            "p(90)": 0,
            "p(95)": 0,
            "p(99)": 0,
            "avg": 0.0038989892750856295,
            "min": 0,
            "med": 0
        },
        "iterations": {
            "count": 17809,
            "rate": 593.6071433861672
        },
        "status_count": {
            "rate": 593.6071433861672,
            "count": 17809
        }
    },
    "root_group": {
        "groups": {},
        "checks": {
                "status 200": {
                    "passes": 17809,
                    "fails": 0,
                    "name": "status 200",
                    "path": "::status 200",
                    "id": "fad9fa412b86fcb03bee97c80dcd61f1"
                },
                "body VALID": {
                    "fails": 0,
                    "name": "body VALID",
                    "path": "::body VALID",
                    "id": "a56c51bc8c4423d91b67072ea17e49f8",
                    "passes": 17809
                }
            },
        "name": "",
        "path": "",
        "id": "d41d8cd98f00b204e9800998ecf8427e"
    }
}