{
    "root_group": {
        "checks": {
            "status 200": {
                "path": "::status 200",
                "id": "fad9fa412b86fcb03bee97c80dcd61f1",
                "passes": 3394826,
                "fails": 0,
                "name": "status 200"
            },
            "body VALID": {
                "id": "a56c51bc8c4423d91b67072ea17e49f8",
                "passes": 3394826,
                "fails": 0,
                "name": "body VALID",
                "path": "::body VALID"
            }
        },
        "name": "",
        "path": "",
        "id": "d41d8cd98f00b204e9800998ecf8427e",
        "groups": {}
    },
    "metrics": {
        "http_req_connecting": {
            "avg": 0.010932487143670917,
            "min": 0,
            "med": 0,
            "max": 14.8352,
            "p(90)": 0,
            "p(95)": 0
        },
        "http_req_waiting": {
            "med": 47.668,
            "max": 169.8568,
            "p(90)": 51.0132,
            "p(95)": 52.705175,
            "avg": 42.10473622138763,
            "min": 0
        },
        "http_reqs": {
            "count": 3394826,
            "rate": 4041.454568216422
        },
        "http_req_tls_handshaking": {
            "min": 0,
            "med": 0,
            "max": 0,
            "p(90)": 0,
            "p(95)": 0,
            "avg": 0
        },
        "iterations": {
            "rate": 4041.454568216422,
            "count": 3394826
        },
        "http_req_failed": {
            "passes": 0,
            "fails": 3394826,
            "thresholds": {
                "rate<0.01": false
            },
            "value": 0
        },
        "http_req_duration{expected_response:true}": {
            "max": 169.8568,
            "p(90)": 51.0945,
            "p(95)": 52.793075,
            "avg": 42.18182099274111,
            "min": 0,
            "med": 47.7393
        },
        "register_duration": {
            "med": 47.7393,
            "max": 169.8568,
            "p(90)": 51.0945,
            "p(95)": 52.793075,
            "avg": 42.18182099274111,
            "min": 0
        },
        "checks": {
            "fails": 0,
            "passes": 6789652,
            "value": 1
        },
        "register_failed": {
            "passes": 0,
            "fails": 3394826,
            "thresholds": {
                "rate<0.01": false
            },
            "value": 0
        },
        "http_req_receiving": {
            "med": 0,
            "max": 30.1226,
            "p(90)": 0.25,
            "p(95)": 0.5251,
            "avg": 0.06058362528742088,
            "min": 0
        },
        "status_count": {
            "count": 3394826,
            "rate": 4041.454568216422
        },
        "http_req_sending": {
            "med": 0,
            "max": 15.0212,
            "p(90)": 0,
            "p(95)": 0,
            "avg": 0.016501146067574107,
            "min": 0
        },
        "http_req_duration{status:200}": {
            "avg": 42.18182099274111,
            "min": 0,
            "med": 47.7393,
            "max": 169.8568,
            "p(90)": 51.0945,
            "p(95)": 52.793075,
            "thresholds": {
                "p(95)<300": false,
                "p(99)<800": false
            }
        },
        "iteration_duration": {
            "avg": 42.40615979484715,
            "min": 0.5031,
            "med": 47.9359,
            "max": 174.9263,
            "p(90)": 51.3309,
            "p(95)": 53.0501
        },
        "data_sent": {
            "count": 683716361,
            "rate": 813947.0507554021
        },
        "vus_max": {
            "value": 200,
            "min": 200,
            "max": 200
        },
        "data_received": {
            "count": 401232637,
            "rate": 477657.31549162505
        },
        "http_req_duration": {
            "p(95)": 52.793075,
            "avg": 42.18182099274111,
            "min": 0,
            "med": 47.7393,
            "max": 169.8568,
            "p(90)": 51.0945
        },
        "http_req_blocked": {
            "min": 0,
            "med": 0,
            "max": 19.3384,
            "p(90)": 0,
            "p(95)": 0,
            "avg": 0.015351798648884819
        },
        "vus": {
            "value": 1,
            "min": 1,
            "max": 200
        }
    }
}