{
    "metrics": {
        "http_req_sending": {
            "p(95)": 0,
            "p(99)": 0.5405,
            "avg": 0.017288830235849286,
            "min": 0,
            "med": 0,
            "max": 11.5208,
            "p(90)": 0
        },
        "http_req_duration{expected_response:true}": {
            "p(95)": 5.553794999999996,
            "p(99)": 6.354859000000008,
            "avg": 4.484910260478952,
            "min": 0.5079,
            "med": 4.4704,
            "max": 168.7788,
            "p(90)": 5.2836
        },
        "http_req_waiting": {
            "avg": 4.407206298235087,
            "min": 0,
            "med": 4.3983,
            "max": 168.7788,
            "p(90)": 5.1902,
            "p(95)": 5.4682,
            "p(99)": 6.241307000000006
        },
        "http_req_tls_handshaking": {
            "avg": 0,
            "min": 0,
            "med": 0,
            "max": 0,
            "p(90)": 0,
            "p(95)": 0,
            "p(99)": 0
        },
        "status_count": {
            "count": 1259194,
            "rate": 4197.260645120455
        },
        "data_received": {
            "count": 148817814,
            "rate": 496053.1530447698
        },
        "checks": {
            "passes": 2518284,
            "fails": 104,
            "value": 0.9999587037422352
        },
        "http_req_duration": {
            "p(95)": 5.5537,
            "p(99)": 6.354807000000006,
            "avg": 4.484725050468783,
            "min": 0,
            "med": 4.4704,
            "max": 168.7788,
            "p(90)": 5.2835
        },
        "data_sent": {
            "count": 253590304,
            "rate": 845290.4024029119
        },
        "iteration_duration": {
            "med": 4.6801,
            "max": 1017.8986,
            "p(90)": 5.531,
            "p(95)": 5.8455,
            "p(99)": 6.8697,
            "avg": 4.753747771908025,
            "min": 0.5109
        },
        "register_failed": {
            "passes": 52,
            "fails": 1259142,
            "thresholds": {
                "rate<0.01": false
            },
            "value": 0.0000412962577648877
        },
        "http_reqs": {
            "count": 1259194,
            "rate": 4197.260645120455
        },
        "iterations": {
            "count": 1259194,
            "rate": 4197.260645120455
        },
        "http_req_failed": {
            "passes": 52,
            "fails": 1259142,
            "thresholds": {
                "rate<0.01": false
            },
            "value": 0.0000412962577648877
        },
        "http_req_receiving": {
            "med": 0,
            "max": 14.6158,
            "p(90)": 0.2664,
            "p(95)": 0.5315,
            "p(99)": 0.6298,
            "avg": 0.060229921997722494,
            "min": 0
        },
        "vus": {
            "min": 20,
            "max": 20,
            "value": 20
        },
        "vus_max": {
            "max": 20,
            "value": 20,
            "min": 20
        },
        "http_req_connecting": {
            "p(99)": 0,
            "avg": 0.009722693961375291,
            "min": 0,
            "med": 0,
            "max": 9.5568,
            "p(90)": 0,
            "p(95)": 0
        },
        "register_duration": {
            "med": 4.4704,
            "max": 168.7788,
            "p(90)": 5.2835,
            "p(95)": 5.5537,
            "p(99)": 6.354807000000006,
            "avg": 4.484725050468783,
            "min": 0
        },
        "http_req_blocked": {
            "avg": 0.014400348794546306,
            "min": 0,
            "med": 0,
            "max": 17.402,
            "p(90)": 0,
            "p(95)": 0,
            "p(99)": 0.5441
        },
        "http_req_duration{status:200}": {
            "avg": 4.484910260478952,
            "min": 0.5079,
            "med": 4.4704,
            "max": 168.7788,
            "p(90)": 5.2836,
            "p(95)": 5.553794999999996,
            "p(99)": 6.354859000000008,
            "thresholds": {
                "p(95)<300": false,
                "p(99)<800": false
            }
        }
    },
    "root_group": {
        "path": "",
        "id": "d41d8cd98f00b204e9800998ecf8427e",
        "groups": {},
        "checks": {
                "status 200": {
                    "id": "fad9fa412b86fcb03bee97c80dcd61f1",
                    "passes": 1259142,
                    "fails": 52,
                    "name": "status 200",
                    "path": "::status 200"
                },
                "body VALID": {
                    "path": "::body VALID",
                    "id": "a56c51bc8c4423d91b67072ea17e49f8",
                    "passes": 1259142,
                    "fails": 52,
                    "name": "body VALID"
                }
            },
        "name": ""
    }
}