{
    "metrics": {
        "http_req_blocked": {
            "min": 0,
            "med": 0,
            "max": 35.5043,
            "p(90)": 0,
            "p(95)": 0,
            "p(99)": 0.5426,
            "avg": 0.01547301940022343
        },
        "register_failed": {
            "passes": 0,
            "fails": 2430539,
            "thresholds": {
                "rate<0.01": false
            },
            "value": 0
        },
        "iteration_duration": {
            "p(99)": 31.11396200000001,
            "avg": 24.674009270987963,
            "min": 4.2146,
            "med": 24.5781,
            "max": 521.7204,
            "p(90)": 26.1433,
            "p(95)": 26.8278
        },
        "http_req_duration{status:200}": {
            "avg": 24.4351602777398,
            "min": 3.7099,
            "med": 24.3553,
            "max": 493.9131,
            "p(90)": 25.9051,
            "p(95)": 26.5689,
            "p(99)": 30.26506200000001,
            "thresholds": {
                "p(95)<300": false,
                "p(99)<800": false
            }
        },
        "http_req_sending": {
            "max": 35.8338,
            "p(90)": 0,
            "p(95)": 0,
            "p(99)": 0.5403,
            "avg": 0.01811335736641095,
            "min": 0,
            "med": 0
        },
        "data_received": {
            "count": 287264751,
            "rate": 478759.51811879175
        },
        "vus": {
            "max": 100,
            "value": 100,
            "min": 100
        },
        "http_req_failed": {
            "passes": 0,
            "fails": 2430539,
            "thresholds": {
                "rate<0.01": false
            },
            "value": 0
        },
        "http_req_waiting": {
            "p(99)": 30.145562000000012,
            "avg": 24.354066497964798,
            "min": 3.7099,
            "med": 24.2763,
            "max": 493.4051,
            "p(90)": 25.8162,
            "p(95)": 26.47441000000001
        },
        "vus_max": {
            "value": 100,
            "min": 100,
            "max": 100
        },
        "http_req_receiving": {
            "avg": 0.06298042240836292,
            "min": 0,
            "med": 0,
            "max": 44.7617,
            "p(90)": 0.2888,
            "p(95)": 0.5313,
            "p(99)": 0.6314
        },
        "checks": {
            "fails": 0,
            "passes": 4861078,
            "value": 1
        },
        "http_req_duration": {
            "max": 493.9131,
            "p(90)": 25.9051,
            "p(95)": 26.5689,
            "p(99)": 30.26506200000001,
            "avg": 24.4351602777398,
            "min": 3.7099,
            "med": 24.3553
        },
        "http_req_connecting": {
            "avg": 0.010892351614189225,
            "min": 0,
            "med": 0,
            "max": 32.2008,
            "p(90)": 0,
            "p(95)": 0,
            "p(99)": 0
        },
        "iterations": {
            "count": 2430539,
            "rate": 4050.770852874079
        },
        "data_sent": {
            "count": 489513653,
            "rate": 815830.4136063302
        },
        "http_req_tls_handshaking": {
            "p(90)": 0,
            "p(95)": 0,
            "p(99)": 0,
            "avg": 0,
            "min": 0,
            "med": 0,
            "max": 0
        },
        "register_duration": {
            "p(99)": 30.26506200000001,
            "avg": 24.4351602777398,
            "min": 3.7099,
            "med": 24.3553,
            "max": 493.9131,
            "p(90)": 25.9051,
            "p(95)": 26.5689
        },
        "status_count": {
            "count": 2430539,
            "rate": 4050.770852874079
        },
        "http_reqs": {
            "count": 2430539,
            "rate": 4050.770852874079
        },
        "http_req_duration{expected_response:true}": {
            "p(99)": 30.26506200000001,
            "avg": 24.4351602777398,
            "min": 3.7099,
            "med": 24.3553,
            "max": 493.9131,
            "p(90)": 25.9051,
            "p(95)": 26.5689
        }
    },
    "root_group": {
        "checks": {
            "status 200": {
                "passes": 2430539,
                "fails": 0,
                "name": "status 200",
                "path": "::status 200",
                "id": "fad9fa412b86fcb03bee97c80dcd61f1"
            },
            "body VALID": {
                "name": "body VALID",
                "path": "::body VALID",
                "id": "a56c51bc8c4423d91b67072ea17e49f8",
                "passes": 2430539,
                "fails": 0
            }
        },
        "name": "",
        "path": "",
        "id": "d41d8cd98f00b204e9800998ecf8427e",
        "groups": {}
    }
}