{
    "metrics": {
        "register_duration": {
            "min": 0,
            "med": 32.46455,
            "max": 397.9016,
            "p(90)": 68.6106,
            "p(95)": 74.80926499999998,
            "p(99)": 85.42606199999994,
            "avg": 34.75396801522301
        },
        "vus_max": {
            "value": 300,
            "min": 300,
            "max": 300
        },
        "http_req_receiving": {
            "max": 15.8532,
            "p(90)": 0.3262,
            "p(95)": 0.5286,
            "p(99)": 0.6189329999999958,
            "avg": 0.06398357796727182,
            "min": 0,
            "med": 0
        },
        "register_failed": {
            "passes": 0,
            "fails": 944268,
            "thresholds": {
                "rate<0.01": false
            },
            "value": 0
        },
        "http_req_blocked": {
            "avg": 0.018120458175009558,
            "min": 0,
            "med": 0,
            "max": 16.7484,
            "p(90)": 0,
            "p(95)": 0,
            "p(99)": 0.5536
        },
        "http_req_sending": {
            "p(95)": 0,
            "p(99)": 0.538,
            "avg": 0.01849031726162481,
            "min": 0,
            "med": 0,
            "max": 10.5688,
            "p(90)": 0
        },
        "http_req_duration{expected_response:true}": {
            "max": 397.9016,
            "p(90)": 68.6106,
            "p(95)": 74.80926499999998,
            "p(99)": 85.42606199999994,
            "avg": 34.75396801522301,
            "min": 0,
            "med": 32.46455
        },
        "checks": {
            "passes": 1888536,
            "fails": 0,
            "value": 1
        },
        "data_received": {
            "count": 111600172,
            "rate": 464997.98267227766
        },
        "http_req_connecting": {
            "med": 0,
            "max": 14.3565,
            "p(90)": 0,
            "p(95)": 0,
            "p(99)": 0.5053,
            "avg": 0.01318854117686925,
            "min": 0
        },
        "http_req_waiting": {
            "med": 32.3881,
            "max": 397.9016,
            "p(90)": 68.53089000000001,
            "p(95)": 74.707765,
            "p(99)": 85.3125,
            "avg": 34.6714941199935,
            "min": 0
        },
        "data_sent": {
            "count": 190173738,
            "rate": 792385.9161009741
        },
        "status_count": {
            "rate": 3934.4268672093654,
            "count": 944268
        },
        "http_req_failed": {
            "passes": 0,
            "fails": 944268,
            "thresholds": {
                "rate<0.01": false
            },
            "value": 0
        },
        "vus": {
            "value": 1,
            "min": 1,
            "max": 299
        },
        "http_req_duration": {
            "p(99)": 85.42606199999994,
            "avg": 34.75396801522301,
            "min": 0,
            "med": 32.46455,
            "max": 397.9016,
            "p(90)": 68.6106,
            "p(95)": 74.80926499999998
        },
        "http_req_tls_handshaking": {
            "p(90)": 0,
            "p(95)": 0,
            "p(99)": 0,
            "avg": 0,
            "min": 0,
            "med": 0,
            "max": 0
        },
        "iteration_duration": {
            "med": 32.6961,
            "max": 407.808,
            "p(90)": 68.87223,
            "p(95)": 75.10746499999999,
            "p(99)": 85.80543199999998,
            "avg": 35.0041199746244,
            "min": 0
        },
        "iterations": {
            "count": 944268,
            "rate": 3934.4268672093654
        },
        "http_reqs": {
            "count": 944268,
            "rate": 3934.4268672093654
        },
        "http_req_duration{status:200}": {
            "min": 0,
            "med": 32.46455,
            "max": 397.9016,
            "p(90)": 68.6106,
            "p(95)": 74.80926499999998,
            "p(99)": 85.42606199999994,
            "avg": 34.75396801522301,
            "thresholds": {
                "p(95)<300": false,
                "p(99)<800": false
            }
        }
    },
    "root_group": {
        "name": "",
        "path": "",
        "id": "d41d8cd98f00b204e9800998ecf8427e",
        "groups": {},
        "checks": {
                "status 200": {
                    "fails": 0,
                    "name": "status 200",
                    "path": "::status 200",
                    "id": "fad9fa412b86fcb03bee97c80dcd61f1",
                    "passes": 944268
                },
                "body VALID": {
                    "passes": 944268,
                    "fails": 0,
                    "name": "body VALID",
                    "path": "::body VALID",
                    "id": "a56c51bc8c4423d91b67072ea17e49f8"
                }
            }
    }
}