{
    "root_group": {
        "name": "",
        "path": "",
        "id": "d41d8cd98f00b204e9800998ecf8427e",
        "groups": {},
        "checks": {
                "status 200": {
                    "passes": 965664,
                    "fails": 0,
                    "name": "status 200",
                    "path": "::status 200",
                    "id": "fad9fa412b86fcb03bee97c80dcd61f1"
                },
                "body VALID": {
                    "name": "body VALID",
                    "path": "::body VALID",
                    "id": "a56c51bc8c4423d91b67072ea17e49f8",
                    "passes": 227965,
                    "fails": 737699
                }
            }
    },
    "metrics": {
        "status_count": {
            "count": 965664,
            "rate": 4023.563922043499
        },
        "register_failed": {
            "passes": 737699,
            "fails": 227965,
            "thresholds": {
                "rate<0.01": true
            },
            "value": 0.7639292756072505
        },
        "checks": {
            "passes": 1193629,
            "fails": 737699,
            "value": 0.6180353621963747
        },
        "vus_max": {
            "max": 300,
            "value": 300,
            "min": 300
        },
        "http_req_tls_handshaking": {
            "avg": 0,
            "min": 0,
            "med": 0,
            "max": 0,
            "p(90)": 0,
            "p(95)": 0
        },
        "iterations": {
            "count": 965664,
            "rate": 4023.563922043499
        },
        "register_duration": {
            "min": 0,
            "med": 31.7825,
            "max": 115.5288,
            "p(90)": 67.1998,
            "p(95)": 71.71967,
            "avg": 33.98843385660147
        },
        "iteration_duration": {
            "max": 117.496,
            "p(90)": 67.45081000000002,
            "p(95)": 71.9772,
            "avg": 34.228645152042084,
            "min": 0.5021,
            "med": 32.0198
        },
        "vus": {
            "value": 1,
            "min": 1,
            "max": 299
        },
        "http_reqs": {
            "rate": 4023.563922043499,
            "count": 965664
        },
        "http_req_waiting": {
            "p(95)": 71.632,
            "avg": 33.90801244449506,
            "min": 0,
            "med": 31.7046,
            "max": 115.0067,
            "p(90)": 67.11994000000001
        },
        "http_req_receiving": {
            "avg": 0.06266038425373568,
            "min": 0,
            "med": 0,
            "max": 14.9509,
            "p(90)": 0.3082,
            "p(95)": 0.5282
        },
        "http_req_blocked": {
            "med": 0,
            "max": 17.6679,
            "p(90)": 0,
            "p(95)": 0,
            "avg": 0.017286217566358498,
            "min": 0
        },
        "http_req_duration": {
            "p(95)": 71.71967,
            "avg": 33.98843385660147,
            "min": 0,
            "med": 31.7825,
            "max": 115.5288,
            "p(90)": 67.1998
        },
        "data_sent": {
            "count": 194486820,
            "rate": 810354.4838214618
        },
        "http_req_connecting": {
            "avg": 0.012532697087185645,
            "min": 0,
            "med": 0,
            "max": 16.1024,
            "p(90)": 0,
            "p(95)": 0
        },
        "http_req_duration{expected_response:true}": {
            "med": 31.7825,
            "max": 115.5288,
            "p(90)": 67.1998,
            "p(95)": 71.71967,
            "avg": 33.98843385660147,
            "min": 0
        },
        "http_req_failed": {
            "fails": 965664,
            "passes": 0,
            "thresholds": {
                "rate<0.01": false
            },
            "value": 0
        },
        "http_req_sending": {
            "p(95)": 0,
            "avg": 0.01776102785233771,
            "min": 0,
            "med": 0,
            "max": 14.4944,
            "p(90)": 0
        },
        "http_req_duration{status:200}": {
            "avg": 33.98843385660147,
            "min": 0,
            "med": 31.7825,
            "max": 115.5288,
            "p(90)": 67.1998,
            "p(95)": 71.71967,
            "thresholds": {
                "p(95)<300": false,
                "p(99)<800": false
            }
        },
        "data_received": {
            "count": 118555217,
            "rate": 493975.64151841437
        }
    }
}