{
    "metrics": {
        "data_received": {
            "count": 176341738,
            "rate": 293901.71606347326
        },
        "iteration_duration": {
            "avg": 179.50839334881206,
            "min": 0.5064,
            "med": 193.04874999999998,
            "max": 802.7465,
            "p(90)": 257.20523000000003,
            "p(95)": 266.22123,
            "p(99)": 289.56006400000007
        },
        "http_req_duration{status:200}": {
            "p(90)": 256.83245,
            "p(95)": 265.8018,
            "p(99)": 288.56767500000007,
            "avg": 179.15983301720112,
            "min": 0,
            "med": 192.7098,
            "max": 676.1874,
            "thresholds": {
                "p(95)<300": false,
                "p(99)<800": false
            }
        },
        "http_req_failed": {
            "passes": 72,
            "fails": 1470146,
            "thresholds": {
                "rate<0.01": false
            },
            "value": 0.000048972329273617925
        },
        "http_req_sending": {
            "med": 0,
            "max": 54.5055,
            "p(90)": 0,
            "p(95)": 0,
            "p(99)": 0.5436,
            "avg": 0.023151863329111507,
            "min": 0
        },
        "vus": {
            "value": 1,
            "min": 1,
            "max": 600
        },
        "http_req_receiving": {
            "avg": 0.07251661780769708,
            "min": 0,
            "med": 0,
            "max": 66.2103,
            "p(90)": 0.3927,
            "p(95)": 0.5289,
            "p(99)": 1.0026
        },
        "data_sent": {
            "count": 296102778,
            "rate": 493502.6475998646
        },
        "http_req_duration{expected_response:true}": {
            "avg": 179.15983301720112,
            "min": 0,
            "med": 192.7098,
            "max": 676.1874,
            "p(90)": 256.83245,
            "p(95)": 265.8018,
            "p(99)": 288.56767500000007
        },
        "http_req_tls_handshaking": {
            "min": 0,
            "med": 0,
            "max": 0,
            "p(90)": 0,
            "p(95)": 0,
            "p(99)": 0,
            "avg": 0
        },
        "register_duration": {
            "med": 192.70735000000002,
            "max": 676.1874,
            "p(90)": 256.83153,
            "p(95)": 265.8018,
            "p(99)": 288.5671960000001,
            "avg": 179.15723552997324,
            "min": 0
        },
        "status_count": {
            "count": 1470218,
            "rate": 2450.353490263363
        },
        "http_req_waiting": {
            "p(95)": 265.699015,
            "p(99)": 288.45097500000014,
            "avg": 179.06156704883065,
            "min": 0,
            "med": 192.61305,
            "max": 676.1874,
            "p(90)": 256.7288
        },
        "register_failed": {
            "passes": 432017,
            "fails": 1038201,
            "thresholds": {
                "rate<0.01": true
            },
            "value": 0.29384553855278606
        },
        "http_req_blocked": {
            "p(99)": 1.1682810000000523,
            "avg": 0.05182972273499557,
            "min": 0,
            "med": 0,
            "max": 136.0864,
            "p(90)": 0,
            "p(95)": 0
        },
        "iterations": {
            "count": 1470218,
            "rate": 2450.353490263363
        },
        "http_req_duration": {
            "p(95)": 265.8018,
            "p(99)": 288.5671960000001,
            "avg": 179.15723552997324,
            "min": 0,
            "med": 192.70735000000002,
            "max": 676.1874,
            "p(90)": 256.83153
        },
        "vus_max": {
            "value": 600,
            "min": 600,
            "max": 600
        },
        "checks": {
            "fails": 432089,
            "passes": 2508347,
            "value": 0.8530527445589702
        },
        "http_reqs": {
            "count": 1470218,
            "rate": 2450.353490263363
        },
        "http_req_connecting": {
            "p(95)": 0,
            "p(99)": 1.0501,
            "avg": 0.04501031819770939,
            "min": 0,
            "med": 0,
            "max": 136.0864,
            "p(90)": 0
        }
    },
    "root_group": {
        "name": "",
        "path": "",
        "id": "d41d8cd98f00b204e9800998ecf8427e",
        "groups": {},
        "checks": {
                "status 200": {
                    "name": "status 200",
                    "path": "::status 200",
                    "id": "fad9fa412b86fcb03bee97c80dcd61f1",
                    "passes": 1470146,
                    "fails": 72
                },
                "body VALID": {
                    "id": "a56c51bc8c4423d91b67072ea17e49f8",
                    "passes": 1038201,
                    "fails": 432017,
                    "name": "body VALID",
                    "path": "::body VALID"
                }
            }
    }
}